Source,Target,Weight,Type
Big-Data-Budapest,Big-Data-Meetup-Budapest,662,Undirected
Big-Data-Budapest,Budapest-Analytics-Rockstars,453,Undirected
Big-Data-Budapest,Budapest-BI-Meetup,401,Undirected
Big-Data-Budapest,Budapest-Cassandra-Users,45,Undirected
Big-Data-Budapest,Budapest-Data-Projects-Meetup,307,Undirected
Big-Data-Budapest,Budapest-Data-Visualization-Meetup,325,Undirected
Big-Data-Budapest,Budapest-Database-Meetup,185,Undirected
Big-Data-Budapest,Budapest-Deep-Learning-Reading-Seminar,63,Undirected
Big-Data-Budapest,Budapest-GraphQL,29,Undirected
Big-Data-Budapest,Budapest-Machine-Learning-Meetup,205,Undirected
Big-Data-Budapest,Budapest-NOSQL,162,Undirected
Big-Data-Budapest,Budapest-Spark-Meetup,261,Undirected
Big-Data-Budapest,Budapest-Users-of-R-Network,383,Undirected
Big-Data-Budapest,Budapest-dataSTREAM-Meetup-Series,291,Undirected
Big-Data-Budapest,DataFest,56,Undirected
Big-Data-Budapest,Excel-tippek-es-trukkok-tips-and-tricks-Budapest-Meetup,29,Undirected
Big-Data-Budapest,HUG-MSSQL,89,Undirected
Big-Data-Budapest,Hungarian-nlp,246,Undirected
Big-Data-Budapest,KURT_Akademia,112,Undirected
Big-Data-Budapest,MongoDB-Budapest,85,Undirected
Big-Data-Budapest,NLP-Nyilt-est-Karizmatikus-kommunikacio-NLP-bevezető,9,Undirected
Big-Data-Budapest,Neurons-AI-Hungary-Budapest,26,Undirected
Big-Data-Budapest,Pro-Bono-Analytics,36,Undirected
Big-Data-Budapest,PyData-Budapest,161,Undirected
Big-Data-Budapest,R-Ladies-Budapest,100,Undirected
Big-Data-Budapest,Snowplow-Analytics-Budapest,59,Undirected
Big-Data-Budapest,budapest_data_science,842,Undirected
Big-Data-Budapest,futureofdata-budapest,366,Undirected
Big-Data-Budapest,neo4j-budapest-users,132,Undirected
Big-Data-Meetup-Budapest,Big-Data-Budapest,662,Undirected
Big-Data-Meetup-Budapest,Budapest-Analytics-Rockstars,483,Undirected
Big-Data-Meetup-Budapest,Budapest-BI-Meetup,465,Undirected
Big-Data-Meetup-Budapest,Budapest-Cassandra-Users,70,Undirected
Big-Data-Meetup-Budapest,Budapest-Data-Projects-Meetup,296,Undirected
Big-Data-Meetup-Budapest,Budapest-Data-Visualization-Meetup,312,Undirected
Big-Data-Meetup-Budapest,Budapest-Database-Meetup,284,Undirected
Big-Data-Meetup-Budapest,Budapest-Deep-Learning-Reading-Seminar,68,Undirected
Big-Data-Meetup-Budapest,Budapest-GraphQL,30,Undirected
Big-Data-Meetup-Budapest,Budapest-Machine-Learning-Meetup,220,Undirected
Big-Data-Meetup-Budapest,Budapest-NOSQL,216,Undirected
Big-Data-Meetup-Budapest,Budapest-Spark-Meetup,343,Undirected
Big-Data-Meetup-Budapest,Budapest-Users-of-R-Network,458,Undirected
Big-Data-Meetup-Budapest,Budapest-dataSTREAM-Meetup-Series,297,Undirected
Big-Data-Meetup-Budapest,DataFest,59,Undirected
Big-Data-Meetup-Budapest,Excel-tippek-es-trukkok-tips-and-tricks-Budapest-Meetup,25,Undirected
Big-Data-Meetup-Budapest,HUG-MSSQL,125,Undirected
Big-Data-Meetup-Budapest,Hungarian-nlp,318,Undirected
Big-Data-Meetup-Budapest,KURT_Akademia,132,Undirected
Big-Data-Meetup-Budapest,MongoDB-Budapest,132,Undirected
Big-Data-Meetup-Budapest,NLP-Nyilt-est-Karizmatikus-kommunikacio-NLP-bevezető,16,Undirected
Big-Data-Meetup-Budapest,Neurons-AI-Hungary-Budapest,34,Undirected
Big-Data-Meetup-Budapest,Pro-Bono-Analytics,50,Undirected
Big-Data-Meetup-Budapest,PyData-Budapest,210,Undirected
Big-Data-Meetup-Budapest,R-Ladies-Budapest,100,Undirected
Big-Data-Meetup-Budapest,Snowplow-Analytics-Budapest,59,Undirected
Big-Data-Meetup-Budapest,budapest_data_science,1058,Undirected
Big-Data-Meetup-Budapest,futureofdata-budapest,411,Undirected
Big-Data-Meetup-Budapest,neo4j-budapest-users,174,Undirected
Budapest-Analytics-Rockstars,Big-Data-Budapest,453,Undirected
Budapest-Analytics-Rockstars,Big-Data-Meetup-Budapest,483,Undirected
Budapest-Analytics-Rockstars,Budapest-BI-Meetup,418,Undirected
Budapest-Analytics-Rockstars,Budapest-Cassandra-Users,36,Undirected
Budapest-Analytics-Rockstars,Budapest-Data-Projects-Meetup,310,Undirected
Budapest-Analytics-Rockstars,Budapest-Data-Visualization-Meetup,283,Undirected
Budapest-Analytics-Rockstars,Budapest-Database-Meetup,165,Undirected
Budapest-Analytics-Rockstars,Budapest-Deep-Learning-Reading-Seminar,51,Undirected
Budapest-Analytics-Rockstars,Budapest-GraphQL,22,Undirected
Budapest-Analytics-Rockstars,Budapest-Machine-Learning-Meetup,176,Undirected
Budapest-Analytics-Rockstars,Budapest-NOSQL,142,Undirected
Budapest-Analytics-Rockstars,Budapest-Spark-Meetup,195,Undirected
Budapest-Analytics-Rockstars,Budapest-Users-of-R-Network,383,Undirected
Budapest-Analytics-Rockstars,Budapest-dataSTREAM-Meetup-Series,307,Undirected
Budapest-Analytics-Rockstars,DataFest,45,Undirected
Budapest-Analytics-Rockstars,Excel-tippek-es-trukkok-tips-and-tricks-Budapest-Meetup,17,Undirected
Budapest-Analytics-Rockstars,HUG-MSSQL,66,Undirected
Budapest-Analytics-Rockstars,Hungarian-nlp,218,Undirected
Budapest-Analytics-Rockstars,KURT_Akademia,99,Undirected
Budapest-Analytics-Rockstars,MongoDB-Budapest,57,Undirected
Budapest-Analytics-Rockstars,NLP-Nyilt-est-Karizmatikus-kommunikacio-NLP-bevezető,18,Undirected
Budapest-Analytics-Rockstars,Neurons-AI-Hungary-Budapest,25,Undirected
Budapest-Analytics-Rockstars,Pro-Bono-Analytics,36,Undirected
Budapest-Analytics-Rockstars,PyData-Budapest,148,Undirected
Budapest-Analytics-Rockstars,R-Ladies-Budapest,103,Undirected
Budapest-Analytics-Rockstars,Snowplow-Analytics-Budapest,50,Undirected
Budapest-Analytics-Rockstars,budapest_data_science,705,Undirected
Budapest-Analytics-Rockstars,futureofdata-budapest,353,Undirected
Budapest-Analytics-Rockstars,neo4j-budapest-users,108,Undirected
Budapest-BI-Meetup,Big-Data-Budapest,401,Undirected
Budapest-BI-Meetup,Big-Data-Meetup-Budapest,465,Undirected
Budapest-BI-Meetup,Budapest-Analytics-Rockstars,418,Undirected
Budapest-BI-Meetup,Budapest-Cassandra-Users,32,Undirected
Budapest-BI-Meetup,Budapest-Data-Projects-Meetup,267,Undirected
Budapest-BI-Meetup,Budapest-Data-Visualization-Meetup,225,Undirected
Budapest-BI-Meetup,Budapest-Database-Meetup,178,Undirected
Budapest-BI-Meetup,Budapest-Deep-Learning-Reading-Seminar,46,Undirected
Budapest-BI-Meetup,Budapest-GraphQL,16,Undirected
Budapest-BI-Meetup,Budapest-Machine-Learning-Meetup,137,Undirected
Budapest-BI-Meetup,Budapest-NOSQL,129,Undirected
Budapest-BI-Meetup,Budapest-Spark-Meetup,154,Undirected
Budapest-BI-Meetup,Budapest-Users-of-R-Network,375,Undirected
Budapest-BI-Meetup,Budapest-dataSTREAM-Meetup-Series,252,Undirected
Budapest-BI-Meetup,DataFest,43,Undirected
Budapest-BI-Meetup,Excel-tippek-es-trukkok-tips-and-tricks-Budapest-Meetup,17,Undirected
Budapest-BI-Meetup,HUG-MSSQL,100,Undirected
Budapest-BI-Meetup,Hungarian-nlp,169,Undirected
Budapest-BI-Meetup,KURT_Akademia,84,Undirected
Budapest-BI-Meetup,MongoDB-Budapest,48,Undirected
Budapest-BI-Meetup,NLP-Nyilt-est-Karizmatikus-kommunikacio-NLP-bevezető,10,Undirected
Budapest-BI-Meetup,Neurons-AI-Hungary-Budapest,15,Undirected
Budapest-BI-Meetup,Pro-Bono-Analytics,34,Undirected
Budapest-BI-Meetup,PyData-Budapest,132,Undirected
Budapest-BI-Meetup,R-Ladies-Budapest,93,Undirected
Budapest-BI-Meetup,Snowplow-Analytics-Budapest,45,Undirected
Budapest-BI-Meetup,budapest_data_science,647,Undirected
Budapest-BI-Meetup,futureofdata-budapest,247,Undirected
Budapest-BI-Meetup,neo4j-budapest-users,81,Undirected
Budapest-Cassandra-Users,Big-Data-Budapest,45,Undirected
Budapest-Cassandra-Users,Big-Data-Meetup-Budapest,70,Undirected
Budapest-Cassandra-Users,Budapest-Analytics-Rockstars,36,Undirected
Budapest-Cassandra-Users,Budapest-BI-Meetup,32,Undirected
Budapest-Cassandra-Users,Budapest-Data-Projects-Meetup,22,Undirected
Budapest-Cassandra-Users,Budapest-Data-Visualization-Meetup,25,Undirected
Budapest-Cassandra-Users,Budapest-Database-Meetup,40,Undirected
Budapest-Cassandra-Users,Budapest-Deep-Learning-Reading-Seminar,6,Undirected
Budapest-Cassandra-Users,Budapest-GraphQL,3,Undirected
Budapest-Cassandra-Users,Budapest-Machine-Learning-Meetup,21,Undirected
Budapest-Cassandra-Users,Budapest-NOSQL,33,Undirected
Budapest-Cassandra-Users,Budapest-Spark-Meetup,35,Undirected
Budapest-Cassandra-Users,Budapest-Users-of-R-Network,30,Undirected
Budapest-Cassandra-Users,Budapest-dataSTREAM-Meetup-Series,16,Undirected
Budapest-Cassandra-Users,DataFest,6,Undirected
Budapest-Cassandra-Users,Excel-tippek-es-trukkok-tips-and-tricks-Budapest-Meetup,2,Undirected
Budapest-Cassandra-Users,HUG-MSSQL,15,Undirected
Budapest-Cassandra-Users,Hungarian-nlp,24,Undirected
Budapest-Cassandra-Users,KURT_Akademia,13,Undirected
Budapest-Cassandra-Users,MongoDB-Budapest,36,Undirected
Budapest-Cassandra-Users,NLP-Nyilt-est-Karizmatikus-kommunikacio-NLP-bevezető,1,Undirected
Budapest-Cassandra-Users,Neurons-AI-Hungary-Budapest,5,Undirected
Budapest-Cassandra-Users,Pro-Bono-Analytics,10,Undirected
Budapest-Cassandra-Users,PyData-Budapest,10,Undirected
Budapest-Cassandra-Users,R-Ladies-Budapest,8,Undirected
Budapest-Cassandra-Users,Snowplow-Analytics-Budapest,18,Undirected
Budapest-Cassandra-Users,budapest_data_science,59,Undirected
Budapest-Cassandra-Users,futureofdata-budapest,28,Undirected
Budapest-Cassandra-Users,neo4j-budapest-users,23,Undirected
Budapest-Data-Projects-Meetup,Big-Data-Budapest,307,Undirected
Budapest-Data-Projects-Meetup,Big-Data-Meetup-Budapest,296,Undirected
Budapest-Data-Projects-Meetup,Budapest-Analytics-Rockstars,310,Undirected
Budapest-Data-Projects-Meetup,Budapest-BI-Meetup,267,Undirected
Budapest-Data-Projects-Meetup,Budapest-Cassandra-Users,22,Undirected
Budapest-Data-Projects-Meetup,Budapest-Data-Visualization-Meetup,184,Undirected
Budapest-Data-Projects-Meetup,Budapest-Database-Meetup,94,Undirected
Budapest-Data-Projects-Meetup,Budapest-Deep-Learning-Reading-Seminar,42,Undirected
Budapest-Data-Projects-Meetup,Budapest-GraphQL,9,Undirected
Budapest-Data-Projects-Meetup,Budapest-Machine-Learning-Meetup,158,Undirected
Budapest-Data-Projects-Meetup,Budapest-NOSQL,109,Undirected
Budapest-Data-Projects-Meetup,Budapest-Spark-Meetup,155,Undirected
Budapest-Data-Projects-Meetup,Budapest-Users-of-R-Network,277,Undirected
Budapest-Data-Projects-Meetup,Budapest-dataSTREAM-Meetup-Series,204,Undirected
Budapest-Data-Projects-Meetup,DataFest,30,Undirected
Budapest-Data-Projects-Meetup,Excel-tippek-es-trukkok-tips-and-tricks-Budapest-Meetup,11,Undirected
Budapest-Data-Projects-Meetup,HUG-MSSQL,56,Undirected
Budapest-Data-Projects-Meetup,Hungarian-nlp,148,Undirected
Budapest-Data-Projects-Meetup,KURT_Akademia,61,Undirected
Budapest-Data-Projects-Meetup,MongoDB-Budapest,34,Undirected
Budapest-Data-Projects-Meetup,NLP-Nyilt-est-Karizmatikus-kommunikacio-NLP-bevezető,8,Undirected
Budapest-Data-Projects-Meetup,Neurons-AI-Hungary-Budapest,21,Undirected
Budapest-Data-Projects-Meetup,Pro-Bono-Analytics,31,Undirected
Budapest-Data-Projects-Meetup,PyData-Budapest,107,Undirected
Budapest-Data-Projects-Meetup,R-Ladies-Budapest,61,Undirected
Budapest-Data-Projects-Meetup,Snowplow-Analytics-Budapest,41,Undirected
Budapest-Data-Projects-Meetup,budapest_data_science,469,Undirected
Budapest-Data-Projects-Meetup,futureofdata-budapest,243,Undirected
Budapest-Data-Projects-Meetup,neo4j-budapest-users,70,Undirected
Budapest-Data-Visualization-Meetup,Big-Data-Budapest,325,Undirected
Budapest-Data-Visualization-Meetup,Big-Data-Meetup-Budapest,312,Undirected
Budapest-Data-Visualization-Meetup,Budapest-Analytics-Rockstars,283,Undirected
Budapest-Data-Visualization-Meetup,Budapest-BI-Meetup,225,Undirected
Budapest-Data-Visualization-Meetup,Budapest-Cassandra-Users,25,Undirected
Budapest-Data-Visualization-Meetup,Budapest-Data-Projects-Meetup,184,Undirected
Budapest-Data-Visualization-Meetup,Budapest-Database-Meetup,95,Undirected
Budapest-Data-Visualization-Meetup,Budapest-Deep-Learning-Reading-Seminar,34,Undirected
Budapest-Data-Visualization-Meetup,Budapest-GraphQL,15,Undirected
Budapest-Data-Visualization-Meetup,Budapest-Machine-Learning-Meetup,117,Undirected
Budapest-Data-Visualization-Meetup,Budapest-NOSQL,83,Undirected
Budapest-Data-Visualization-Meetup,Budapest-Spark-Meetup,120,Undirected
Budapest-Data-Visualization-Meetup,Budapest-Users-of-R-Network,250,Undirected
Budapest-Data-Visualization-Meetup,Budapest-dataSTREAM-Meetup-Series,170,Undirected
Budapest-Data-Visualization-Meetup,DataFest,27,Undirected
Budapest-Data-Visualization-Meetup,Excel-tippek-es-trukkok-tips-and-tricks-Budapest-Meetup,15,Undirected
Budapest-Data-Visualization-Meetup,HUG-MSSQL,45,Undirected
Budapest-Data-Visualization-Meetup,Hungarian-nlp,164,Undirected
Budapest-Data-Visualization-Meetup,KURT_Akademia,74,Undirected
Budapest-Data-Visualization-Meetup,MongoDB-Budapest,47,Undirected
Budapest-Data-Visualization-Meetup,NLP-Nyilt-est-Karizmatikus-kommunikacio-NLP-bevezető,8,Undirected
Budapest-Data-Visualization-Meetup,Neurons-AI-Hungary-Budapest,15,Undirected
Budapest-Data-Visualization-Meetup,Pro-Bono-Analytics,30,Undirected
Budapest-Data-Visualization-Meetup,PyData-Budapest,89,Undirected
Budapest-Data-Visualization-Meetup,R-Ladies-Budapest,72,Undirected
Budapest-Data-Visualization-Meetup,Snowplow-Analytics-Budapest,39,Undirected
Budapest-Data-Visualization-Meetup,budapest_data_science,417,Undirected
Budapest-Data-Visualization-Meetup,futureofdata-budapest,170,Undirected
Budapest-Data-Visualization-Meetup,neo4j-budapest-users,73,Undirected
Budapest-Database-Meetup,Big-Data-Budapest,185,Undirected
Budapest-Database-Meetup,Big-Data-Meetup-Budapest,284,Undirected
Budapest-Database-Meetup,Budapest-Analytics-Rockstars,165,Undirected
Budapest-Database-Meetup,Budapest-BI-Meetup,178,Undirected
Budapest-Database-Meetup,Budapest-Cassandra-Users,40,Undirected
Budapest-Database-Meetup,Budapest-Data-Projects-Meetup,94,Undirected
Budapest-Database-Meetup,Budapest-Data-Visualization-Meetup,95,Undirected
Budapest-Database-Meetup,Budapest-Deep-Learning-Reading-Seminar,33,Undirected
Budapest-Database-Meetup,Budapest-GraphQL,18,Undirected
Budapest-Database-Meetup,Budapest-Machine-Learning-Meetup,76,Undirected
Budapest-Database-Meetup,Budapest-NOSQL,105,Undirected
Budapest-Database-Meetup,Budapest-Spark-Meetup,81,Undirected
Budapest-Database-Meetup,Budapest-Users-of-R-Network,146,Undirected
Budapest-Database-Meetup,Budapest-dataSTREAM-Meetup-Series,96,Undirected
Budapest-Database-Meetup,DataFest,23,Undirected
Budapest-Database-Meetup,Excel-tippek-es-trukkok-tips-and-tricks-Budapest-Meetup,12,Undirected
Budapest-Database-Meetup,HUG-MSSQL,89,Undirected
Budapest-Database-Meetup,Hungarian-nlp,90,Undirected
Budapest-Database-Meetup,KURT_Akademia,51,Undirected
Budapest-Database-Meetup,MongoDB-Budapest,80,Undirected
Budapest-Database-Meetup,NLP-Nyilt-est-Karizmatikus-kommunikacio-NLP-bevezető,8,Undirected
Budapest-Database-Meetup,Neurons-AI-Hungary-Budapest,10,Undirected
Budapest-Database-Meetup,Pro-Bono-Analytics,21,Undirected
Budapest-Database-Meetup,PyData-Budapest,56,Undirected
Budapest-Database-Meetup,R-Ladies-Budapest,37,Undirected
Budapest-Database-Meetup,Snowplow-Analytics-Budapest,23,Undirected
Budapest-Database-Meetup,budapest_data_science,330,Undirected
Budapest-Database-Meetup,futureofdata-budapest,123,Undirected
Budapest-Database-Meetup,neo4j-budapest-users,65,Undirected
Budapest-Deep-Learning-Reading-Seminar,Big-Data-Budapest,63,Undirected
Budapest-Deep-Learning-Reading-Seminar,Big-Data-Meetup-Budapest,68,Undirected
Budapest-Deep-Learning-Reading-Seminar,Budapest-Analytics-Rockstars,51,Undirected
Budapest-Deep-Learning-Reading-Seminar,Budapest-BI-Meetup,46,Undirected
Budapest-Deep-Learning-Reading-Seminar,Budapest-Cassandra-Users,6,Undirected
Budapest-Deep-Learning-Reading-Seminar,Budapest-Data-Projects-Meetup,42,Undirected
Budapest-Deep-Learning-Reading-Seminar,Budapest-Data-Visualization-Meetup,34,Undirected
Budapest-Deep-Learning-Reading-Seminar,Budapest-Database-Meetup,33,Undirected
Budapest-Deep-Learning-Reading-Seminar,Budapest-GraphQL,9,Undirected
Budapest-Deep-Learning-Reading-Seminar,Budapest-Machine-Learning-Meetup,53,Undirected
Budapest-Deep-Learning-Reading-Seminar,Budapest-NOSQL,24,Undirected
Budapest-Deep-Learning-Reading-Seminar,Budapest-Spark-Meetup,47,Undirected
Budapest-Deep-Learning-Reading-Seminar,Budapest-Users-of-R-Network,62,Undirected
Budapest-Deep-Learning-Reading-Seminar,Budapest-dataSTREAM-Meetup-Series,46,Undirected
Budapest-Deep-Learning-Reading-Seminar,DataFest,17,Undirected
Budapest-Deep-Learning-Reading-Seminar,Excel-tippek-es-trukkok-tips-and-tricks-Budapest-Meetup,2,Undirected
Budapest-Deep-Learning-Reading-Seminar,HUG-MSSQL,13,Undirected
Budapest-Deep-Learning-Reading-Seminar,Hungarian-nlp,56,Undirected
Budapest-Deep-Learning-Reading-Seminar,KURT_Akademia,12,Undirected
Budapest-Deep-Learning-Reading-Seminar,MongoDB-Budapest,17,Undirected
Budapest-Deep-Learning-Reading-Seminar,NLP-Nyilt-est-Karizmatikus-kommunikacio-NLP-bevezető,1,Undirected
Budapest-Deep-Learning-Reading-Seminar,Neurons-AI-Hungary-Budapest,28,Undirected
Budapest-Deep-Learning-Reading-Seminar,Pro-Bono-Analytics,8,Undirected
Budapest-Deep-Learning-Reading-Seminar,PyData-Budapest,58,Undirected
Budapest-Deep-Learning-Reading-Seminar,R-Ladies-Budapest,19,Undirected
Budapest-Deep-Learning-Reading-Seminar,Snowplow-Analytics-Budapest,8,Undirected
Budapest-Deep-Learning-Reading-Seminar,budapest_data_science,103,Undirected
Budapest-Deep-Learning-Reading-Seminar,futureofdata-budapest,45,Undirected
Budapest-Deep-Learning-Reading-Seminar,neo4j-budapest-users,25,Undirected
Budapest-GraphQL,Big-Data-Budapest,29,Undirected
Budapest-GraphQL,Big-Data-Meetup-Budapest,30,Undirected
Budapest-GraphQL,Budapest-Analytics-Rockstars,22,Undirected
Budapest-GraphQL,Budapest-BI-Meetup,16,Undirected
Budapest-GraphQL,Budapest-Cassandra-Users,3,Undirected
Budapest-GraphQL,Budapest-Data-Projects-Meetup,9,Undirected
Budapest-GraphQL,Budapest-Data-Visualization-Meetup,15,Undirected
Budapest-GraphQL,Budapest-Database-Meetup,18,Undirected
Budapest-GraphQL,Budapest-Deep-Learning-Reading-Seminar,9,Undirected
Budapest-GraphQL,Budapest-Machine-Learning-Meetup,13,Undirected
Budapest-GraphQL,Budapest-NOSQL,20,Undirected
Budapest-GraphQL,Budapest-Spark-Meetup,17,Undirected
Budapest-GraphQL,Budapest-Users-of-R-Network,21,Undirected
Budapest-GraphQL,Budapest-dataSTREAM-Meetup-Series,20,Undirected
Budapest-GraphQL,DataFest,6,Undirected
Budapest-GraphQL,Excel-tippek-es-trukkok-tips-and-tricks-Budapest-Meetup,1,Undirected
Budapest-GraphQL,HUG-MSSQL,9,Undirected
Budapest-GraphQL,Hungarian-nlp,14,Undirected
Budapest-GraphQL,KURT_Akademia,11,Undirected
Budapest-GraphQL,MongoDB-Budapest,10,Undirected
Budapest-GraphQL,NLP-Nyilt-est-Karizmatikus-kommunikacio-NLP-bevezető,2,Undirected
Budapest-GraphQL,Neurons-AI-Hungary-Budapest,4,Undirected
Budapest-GraphQL,Pro-Bono-Analytics,2,Undirected
Budapest-GraphQL,PyData-Budapest,13,Undirected
Budapest-GraphQL,R-Ladies-Budapest,6,Undirected
Budapest-GraphQL,Snowplow-Analytics-Budapest,4,Undirected
Budapest-GraphQL,budapest_data_science,36,Undirected
Budapest-GraphQL,futureofdata-budapest,23,Undirected
Budapest-GraphQL,neo4j-budapest-users,11,Undirected
Budapest-Machine-Learning-Meetup,Big-Data-Budapest,205,Undirected
Budapest-Machine-Learning-Meetup,Big-Data-Meetup-Budapest,220,Undirected
Budapest-Machine-Learning-Meetup,Budapest-Analytics-Rockstars,176,Undirected
Budapest-Machine-Learning-Meetup,Budapest-BI-Meetup,137,Undirected
Budapest-Machine-Learning-Meetup,Budapest-Cassandra-Users,21,Undirected
Budapest-Machine-Learning-Meetup,Budapest-Data-Projects-Meetup,158,Undirected
Budapest-Machine-Learning-Meetup,Budapest-Data-Visualization-Meetup,117,Undirected
Budapest-Machine-Learning-Meetup,Budapest-Database-Meetup,76,Undirected
Budapest-Machine-Learning-Meetup,Budapest-Deep-Learning-Reading-Seminar,53,Undirected
Budapest-Machine-Learning-Meetup,Budapest-GraphQL,13,Undirected
Budapest-Machine-Learning-Meetup,Budapest-NOSQL,65,Undirected
Budapest-Machine-Learning-Meetup,Budapest-Spark-Meetup,123,Undirected
Budapest-Machine-Learning-Meetup,Budapest-Users-of-R-Network,199,Undirected
Budapest-Machine-Learning-Meetup,Budapest-dataSTREAM-Meetup-Series,133,Undirected
Budapest-Machine-Learning-Meetup,DataFest,18,Undirected
Budapest-Machine-Learning-Meetup,Excel-tippek-es-trukkok-tips-and-tricks-Budapest-Meetup,6,Undirected
Budapest-Machine-Learning-Meetup,HUG-MSSQL,32,Undirected
Budapest-Machine-Learning-Meetup,Hungarian-nlp,171,Undirected
Budapest-Machine-Learning-Meetup,KURT_Akademia,44,Undirected
Budapest-Machine-Learning-Meetup,MongoDB-Budapest,40,Undirected
Budapest-Machine-Learning-Meetup,NLP-Nyilt-est-Karizmatikus-kommunikacio-NLP-bevezető,7,Undirected
Budapest-Machine-Learning-Meetup,Neurons-AI-Hungary-Budapest,21,Undirected
Budapest-Machine-Learning-Meetup,Pro-Bono-Analytics,27,Undirected
Budapest-Machine-Learning-Meetup,PyData-Budapest,93,Undirected
Budapest-Machine-Learning-Meetup,R-Ladies-Budapest,47,Undirected
Budapest-Machine-Learning-Meetup,Snowplow-Analytics-Budapest,30,Undirected
Budapest-Machine-Learning-Meetup,budapest_data_science,323,Undirected
Budapest-Machine-Learning-Meetup,futureofdata-budapest,138,Undirected
Budapest-Machine-Learning-Meetup,neo4j-budapest-users,62,Undirected
Budapest-NOSQL,Big-Data-Budapest,162,Undirected
Budapest-NOSQL,Big-Data-Meetup-Budapest,216,Undirected
Budapest-NOSQL,Budapest-Analytics-Rockstars,142,Undirected
Budapest-NOSQL,Budapest-BI-Meetup,129,Undirected
Budapest-NOSQL,Budapest-Cassandra-Users,33,Undirected
Budapest-NOSQL,Budapest-Data-Projects-Meetup,109,Undirected
Budapest-NOSQL,Budapest-Data-Visualization-Meetup,83,Undirected
Budapest-NOSQL,Budapest-Database-Meetup,105,Undirected
Budapest-NOSQL,Budapest-Deep-Learning-Reading-Seminar,24,Undirected
Budapest-NOSQL,Budapest-GraphQL,20,Undirected
Budapest-NOSQL,Budapest-Machine-Learning-Meetup,65,Undirected
Budapest-NOSQL,Budapest-Spark-Meetup,122,Undirected
Budapest-NOSQL,Budapest-Users-of-R-Network,137,Undirected
Budapest-NOSQL,Budapest-dataSTREAM-Meetup-Series,121,Undirected
Budapest-NOSQL,DataFest,20,Undirected
Budapest-NOSQL,Excel-tippek-es-trukkok-tips-and-tricks-Budapest-Meetup,16,Undirected
Budapest-NOSQL,HUG-MSSQL,39,Undirected
Budapest-NOSQL,Hungarian-nlp,69,Undirected
Budapest-NOSQL,KURT_Akademia,40,Undirected
Budapest-NOSQL,MongoDB-Budapest,61,Undirected
Budapest-NOSQL,NLP-Nyilt-est-Karizmatikus-kommunikacio-NLP-bevezető,8,Undirected
Budapest-NOSQL,Neurons-AI-Hungary-Budapest,10,Undirected
Budapest-NOSQL,Pro-Bono-Analytics,21,Undirected
Budapest-NOSQL,PyData-Budapest,56,Undirected
Budapest-NOSQL,R-Ladies-Budapest,39,Undirected
Budapest-NOSQL,Snowplow-Analytics-Budapest,31,Undirected
Budapest-NOSQL,budapest_data_science,235,Undirected
Budapest-NOSQL,futureofdata-budapest,165,Undirected
Budapest-NOSQL,neo4j-budapest-users,72,Undirected
Budapest-Spark-Meetup,Big-Data-Budapest,261,Undirected
Budapest-Spark-Meetup,Big-Data-Meetup-Budapest,343,Undirected
Budapest-Spark-Meetup,Budapest-Analytics-Rockstars,195,Undirected
Budapest-Spark-Meetup,Budapest-BI-Meetup,154,Undirected
Budapest-Spark-Meetup,Budapest-Cassandra-Users,35,Undirected
Budapest-Spark-Meetup,Budapest-Data-Projects-Meetup,155,Undirected
Budapest-Spark-Meetup,Budapest-Data-Visualization-Meetup,120,Undirected
Budapest-Spark-Meetup,Budapest-Database-Meetup,81,Undirected
Budapest-Spark-Meetup,Budapest-Deep-Learning-Reading-Seminar,47,Undirected
Budapest-Spark-Meetup,Budapest-GraphQL,17,Undirected
Budapest-Spark-Meetup,Budapest-Machine-Learning-Meetup,123,Undirected
Budapest-Spark-Meetup,Budapest-NOSQL,122,Undirected
Budapest-Spark-Meetup,Budapest-Users-of-R-Network,206,Undirected
Budapest-Spark-Meetup,Budapest-dataSTREAM-Meetup-Series,158,Undirected
Budapest-Spark-Meetup,DataFest,40,Undirected
Budapest-Spark-Meetup,Excel-tippek-es-trukkok-tips-and-tricks-Budapest-Meetup,7,Undirected
Budapest-Spark-Meetup,HUG-MSSQL,31,Undirected
Budapest-Spark-Meetup,Hungarian-nlp,123,Undirected
Budapest-Spark-Meetup,KURT_Akademia,37,Undirected
Budapest-Spark-Meetup,MongoDB-Budapest,54,Undirected
Budapest-Spark-Meetup,NLP-Nyilt-est-Karizmatikus-kommunikacio-NLP-bevezető,5,Undirected
Budapest-Spark-Meetup,Neurons-AI-Hungary-Budapest,17,Undirected
Budapest-Spark-Meetup,Pro-Bono-Analytics,19,Undirected
Budapest-Spark-Meetup,PyData-Budapest,109,Undirected
Budapest-Spark-Meetup,R-Ladies-Budapest,53,Undirected
Budapest-Spark-Meetup,Snowplow-Analytics-Budapest,38,Undirected
Budapest-Spark-Meetup,budapest_data_science,378,Undirected
Budapest-Spark-Meetup,futureofdata-budapest,227,Undirected
Budapest-Spark-Meetup,neo4j-budapest-users,86,Undirected
Budapest-Users-of-R-Network,Big-Data-Budapest,383,Undirected
Budapest-Users-of-R-Network,Big-Data-Meetup-Budapest,458,Undirected
Budapest-Users-of-R-Network,Budapest-Analytics-Rockstars,383,Undirected
Budapest-Users-of-R-Network,Budapest-BI-Meetup,375,Undirected
Budapest-Users-of-R-Network,Budapest-Cassandra-Users,30,Undirected
Budapest-Users-of-R-Network,Budapest-Data-Projects-Meetup,277,Undirected
Budapest-Users-of-R-Network,Budapest-Data-Visualization-Meetup,250,Undirected
Budapest-Users-of-R-Network,Budapest-Database-Meetup,146,Undirected
Budapest-Users-of-R-Network,Budapest-Deep-Learning-Reading-Seminar,62,Undirected
Budapest-Users-of-R-Network,Budapest-GraphQL,21,Undirected
Budapest-Users-of-R-Network,Budapest-Machine-Learning-Meetup,199,Undirected
Budapest-Users-of-R-Network,Budapest-NOSQL,137,Undirected
Budapest-Users-of-R-Network,Budapest-Spark-Meetup,206,Undirected
Budapest-Users-of-R-Network,Budapest-dataSTREAM-Meetup-Series,299,Undirected
Budapest-Users-of-R-Network,DataFest,50,Undirected
Budapest-Users-of-R-Network,Excel-tippek-es-trukkok-tips-and-tricks-Budapest-Meetup,12,Undirected
Budapest-Users-of-R-Network,HUG-MSSQL,70,Undirected
Budapest-Users-of-R-Network,Hungarian-nlp,258,Undirected
Budapest-Users-of-R-Network,KURT_Akademia,84,Undirected
Budapest-Users-of-R-Network,MongoDB-Budapest,54,Undirected
Budapest-Users-of-R-Network,NLP-Nyilt-est-Karizmatikus-kommunikacio-NLP-bevezető,16,Undirected
Budapest-Users-of-R-Network,Neurons-AI-Hungary-Budapest,24,Undirected
Budapest-Users-of-R-Network,Pro-Bono-Analytics,46,Undirected
Budapest-Users-of-R-Network,PyData-Budapest,190,Undirected
Budapest-Users-of-R-Network,R-Ladies-Budapest,167,Undirected
Budapest-Users-of-R-Network,Snowplow-Analytics-Budapest,44,Undirected
Budapest-Users-of-R-Network,budapest_data_science,725,Undirected
Budapest-Users-of-R-Network,futureofdata-budapest,302,Undirected
Budapest-Users-of-R-Network,neo4j-budapest-users,105,Undirected
Budapest-dataSTREAM-Meetup-Series,Big-Data-Budapest,291,Undirected
Budapest-dataSTREAM-Meetup-Series,Big-Data-Meetup-Budapest,297,Undirected
Budapest-dataSTREAM-Meetup-Series,Budapest-Analytics-Rockstars,307,Undirected
Budapest-dataSTREAM-Meetup-Series,Budapest-BI-Meetup,252,Undirected
Budapest-dataSTREAM-Meetup-Series,Budapest-Cassandra-Users,16,Undirected
Budapest-dataSTREAM-Meetup-Series,Budapest-Data-Projects-Meetup,204,Undirected
Budapest-dataSTREAM-Meetup-Series,Budapest-Data-Visualization-Meetup,170,Undirected
Budapest-dataSTREAM-Meetup-Series,Budapest-Database-Meetup,96,Undirected
Budapest-dataSTREAM-Meetup-Series,Budapest-Deep-Learning-Reading-Seminar,46,Undirected
Budapest-dataSTREAM-Meetup-Series,Budapest-GraphQL,20,Undirected
Budapest-dataSTREAM-Meetup-Series,Budapest-Machine-Learning-Meetup,133,Undirected
Budapest-dataSTREAM-Meetup-Series,Budapest-NOSQL,121,Undirected
Budapest-dataSTREAM-Meetup-Series,Budapest-Spark-Meetup,158,Undirected
Budapest-dataSTREAM-Meetup-Series,Budapest-Users-of-R-Network,299,Undirected
Budapest-dataSTREAM-Meetup-Series,DataFest,56,Undirected
Budapest-dataSTREAM-Meetup-Series,Excel-tippek-es-trukkok-tips-and-tricks-Budapest-Meetup,13,Undirected
Budapest-dataSTREAM-Meetup-Series,HUG-MSSQL,46,Undirected
Budapest-dataSTREAM-Meetup-Series,Hungarian-nlp,168,Undirected
Budapest-dataSTREAM-Meetup-Series,KURT_Akademia,69,Undirected
Budapest-dataSTREAM-Meetup-Series,MongoDB-Budapest,38,Undirected
Budapest-dataSTREAM-Meetup-Series,NLP-Nyilt-est-Karizmatikus-kommunikacio-NLP-bevezető,14,Undirected
Budapest-dataSTREAM-Meetup-Series,Neurons-AI-Hungary-Budapest,21,Undirected
Budapest-dataSTREAM-Meetup-Series,Pro-Bono-Analytics,19,Undirected
Budapest-dataSTREAM-Meetup-Series,PyData-Budapest,130,Undirected
Budapest-dataSTREAM-Meetup-Series,R-Ladies-Budapest,104,Undirected
Budapest-dataSTREAM-Meetup-Series,Snowplow-Analytics-Budapest,28,Undirected
Budapest-dataSTREAM-Meetup-Series,budapest_data_science,462,Undirected
Budapest-dataSTREAM-Meetup-Series,futureofdata-budapest,284,Undirected
Budapest-dataSTREAM-Meetup-Series,neo4j-budapest-users,70,Undirected
DataFest,Big-Data-Budapest,56,Undirected
DataFest,Big-Data-Meetup-Budapest,59,Undirected
DataFest,Budapest-Analytics-Rockstars,45,Undirected
DataFest,Budapest-BI-Meetup,43,Undirected
DataFest,Budapest-Cassandra-Users,6,Undirected
DataFest,Budapest-Data-Projects-Meetup,30,Undirected
DataFest,Budapest-Data-Visualization-Meetup,27,Undirected
DataFest,Budapest-Database-Meetup,23,Undirected
DataFest,Budapest-Deep-Learning-Reading-Seminar,17,Undirected
DataFest,Budapest-GraphQL,6,Undirected
DataFest,Budapest-Machine-Learning-Meetup,18,Undirected
DataFest,Budapest-NOSQL,20,Undirected
DataFest,Budapest-Spark-Meetup,40,Undirected
DataFest,Budapest-Users-of-R-Network,50,Undirected
DataFest,Budapest-dataSTREAM-Meetup-Series,56,Undirected
DataFest,HUG-MSSQL,8,Undirected
DataFest,Hungarian-nlp,33,Undirected
DataFest,KURT_Akademia,11,Undirected
DataFest,MongoDB-Budapest,13,Undirected
DataFest,NLP-Nyilt-est-Karizmatikus-kommunikacio-NLP-bevezető,3,Undirected
DataFest,Neurons-AI-Hungary-Budapest,9,Undirected
DataFest,Pro-Bono-Analytics,6,Undirected
DataFest,PyData-Budapest,42,Undirected
DataFest,R-Ladies-Budapest,27,Undirected
DataFest,Snowplow-Analytics-Budapest,7,Undirected
DataFest,budapest_data_science,74,Undirected
DataFest,futureofdata-budapest,59,Undirected
DataFest,neo4j-budapest-users,15,Undirected
Excel-tippek-es-trukkok-tips-and-tricks-Budapest-Meetup,Big-Data-Budapest,29,Undirected
Excel-tippek-es-trukkok-tips-and-tricks-Budapest-Meetup,Big-Data-Meetup-Budapest,25,Undirected
Excel-tippek-es-trukkok-tips-and-tricks-Budapest-Meetup,Budapest-Analytics-Rockstars,17,Undirected
Excel-tippek-es-trukkok-tips-and-tricks-Budapest-Meetup,Budapest-BI-Meetup,17,Undirected
Excel-tippek-es-trukkok-tips-and-tricks-Budapest-Meetup,Budapest-Cassandra-Users,2,Undirected
Excel-tippek-es-trukkok-tips-and-tricks-Budapest-Meetup,Budapest-Data-Projects-Meetup,11,Undirected
Excel-tippek-es-trukkok-tips-and-tricks-Budapest-Meetup,Budapest-Data-Visualization-Meetup,15,Undirected
Excel-tippek-es-trukkok-tips-and-tricks-Budapest-Meetup,Budapest-Database-Meetup,12,Undirected
Excel-tippek-es-trukkok-tips-and-tricks-Budapest-Meetup,Budapest-Deep-Learning-Reading-Seminar,2,Undirected
Excel-tippek-es-trukkok-tips-and-tricks-Budapest-Meetup,Budapest-GraphQL,1,Undirected
Excel-tippek-es-trukkok-tips-and-tricks-Budapest-Meetup,Budapest-Machine-Learning-Meetup,6,Undirected
Excel-tippek-es-trukkok-tips-and-tricks-Budapest-Meetup,Budapest-NOSQL,16,Undirected
Excel-tippek-es-trukkok-tips-and-tricks-Budapest-Meetup,Budapest-Spark-Meetup,7,Undirected
Excel-tippek-es-trukkok-tips-and-tricks-Budapest-Meetup,Budapest-Users-of-R-Network,12,Undirected
Excel-tippek-es-trukkok-tips-and-tricks-Budapest-Meetup,Budapest-dataSTREAM-Meetup-Series,13,Undirected
Excel-tippek-es-trukkok-tips-and-tricks-Budapest-Meetup,HUG-MSSQL,7,Undirected
Excel-tippek-es-trukkok-tips-and-tricks-Budapest-Meetup,Hungarian-nlp,6,Undirected
Excel-tippek-es-trukkok-tips-and-tricks-Budapest-Meetup,KURT_Akademia,11,Undirected
Excel-tippek-es-trukkok-tips-and-tricks-Budapest-Meetup,MongoDB-Budapest,4,Undirected
Excel-tippek-es-trukkok-tips-and-tricks-Budapest-Meetup,NLP-Nyilt-est-Karizmatikus-kommunikacio-NLP-bevezető,4,Undirected
Excel-tippek-es-trukkok-tips-and-tricks-Budapest-Meetup,Neurons-AI-Hungary-Budapest,1,Undirected
Excel-tippek-es-trukkok-tips-and-tricks-Budapest-Meetup,Pro-Bono-Analytics,2,Undirected
Excel-tippek-es-trukkok-tips-and-tricks-Budapest-Meetup,PyData-Budapest,4,Undirected
Excel-tippek-es-trukkok-tips-and-tricks-Budapest-Meetup,R-Ladies-Budapest,10,Undirected
Excel-tippek-es-trukkok-tips-and-tricks-Budapest-Meetup,Snowplow-Analytics-Budapest,3,Undirected
Excel-tippek-es-trukkok-tips-and-tricks-Budapest-Meetup,budapest_data_science,25,Undirected
Excel-tippek-es-trukkok-tips-and-tricks-Budapest-Meetup,futureofdata-budapest,9,Undirected
Excel-tippek-es-trukkok-tips-and-tricks-Budapest-Meetup,neo4j-budapest-users,3,Undirected
HUG-MSSQL,Big-Data-Budapest,89,Undirected
HUG-MSSQL,Big-Data-Meetup-Budapest,125,Undirected
HUG-MSSQL,Budapest-Analytics-Rockstars,66,Undirected
HUG-MSSQL,Budapest-BI-Meetup,100,Undirected
HUG-MSSQL,Budapest-Cassandra-Users,15,Undirected
HUG-MSSQL,Budapest-Data-Projects-Meetup,56,Undirected
HUG-MSSQL,Budapest-Data-Visualization-Meetup,45,Undirected
HUG-MSSQL,Budapest-Database-Meetup,89,Undirected
HUG-MSSQL,Budapest-Deep-Learning-Reading-Seminar,13,Undirected
HUG-MSSQL,Budapest-GraphQL,9,Undirected
HUG-MSSQL,Budapest-Machine-Learning-Meetup,32,Undirected
HUG-MSSQL,Budapest-NOSQL,39,Undirected
HUG-MSSQL,Budapest-Spark-Meetup,31,Undirected
HUG-MSSQL,Budapest-Users-of-R-Network,70,Undirected
HUG-MSSQL,Budapest-dataSTREAM-Meetup-Series,46,Undirected
HUG-MSSQL,DataFest,8,Undirected
HUG-MSSQL,Excel-tippek-es-trukkok-tips-and-tricks-Budapest-Meetup,7,Undirected
HUG-MSSQL,Hungarian-nlp,39,Undirected
HUG-MSSQL,KURT_Akademia,26,Undirected
HUG-MSSQL,MongoDB-Budapest,32,Undirected
HUG-MSSQL,NLP-Nyilt-est-Karizmatikus-kommunikacio-NLP-bevezető,2,Undirected
HUG-MSSQL,Neurons-AI-Hungary-Budapest,6,Undirected
HUG-MSSQL,Pro-Bono-Analytics,11,Undirected
HUG-MSSQL,PyData-Budapest,26,Undirected
HUG-MSSQL,R-Ladies-Budapest,14,Undirected
HUG-MSSQL,Snowplow-Analytics-Budapest,11,Undirected
HUG-MSSQL,budapest_data_science,116,Undirected
HUG-MSSQL,futureofdata-budapest,48,Undirected
HUG-MSSQL,neo4j-budapest-users,31,Undirected
Hungarian-nlp,Big-Data-Budapest,246,Undirected
Hungarian-nlp,Big-Data-Meetup-Budapest,318,Undirected
Hungarian-nlp,Budapest-Analytics-Rockstars,218,Undirected
Hungarian-nlp,Budapest-BI-Meetup,169,Undirected
Hungarian-nlp,Budapest-Cassandra-Users,24,Undirected
Hungarian-nlp,Budapest-Data-Projects-Meetup,148,Undirected
Hungarian-nlp,Budapest-Data-Visualization-Meetup,164,Undirected
Hungarian-nlp,Budapest-Database-Meetup,90,Undirected
Hungarian-nlp,Budapest-Deep-Learning-Reading-Seminar,56,Undirected
Hungarian-nlp,Budapest-GraphQL,14,Undirected
Hungarian-nlp,Budapest-Machine-Learning-Meetup,171,Undirected
Hungarian-nlp,Budapest-NOSQL,69,Undirected
Hungarian-nlp,Budapest-Spark-Meetup,123,Undirected
Hungarian-nlp,Budapest-Users-of-R-Network,258,Undirected
Hungarian-nlp,Budapest-dataSTREAM-Meetup-Series,168,Undirected
Hungarian-nlp,DataFest,33,Undirected
Hungarian-nlp,Excel-tippek-es-trukkok-tips-and-tricks-Budapest-Meetup,6,Undirected
Hungarian-nlp,HUG-MSSQL,39,Undirected
Hungarian-nlp,KURT_Akademia,66,Undirected
Hungarian-nlp,MongoDB-Budapest,51,Undirected
Hungarian-nlp,NLP-Nyilt-est-Karizmatikus-kommunikacio-NLP-bevezető,16,Undirected
Hungarian-nlp,Neurons-AI-Hungary-Budapest,23,Undirected
Hungarian-nlp,Pro-Bono-Analytics,26,Undirected
Hungarian-nlp,PyData-Budapest,115,Undirected
Hungarian-nlp,R-Ladies-Budapest,73,Undirected
Hungarian-nlp,Snowplow-Analytics-Budapest,37,Undirected
Hungarian-nlp,budapest_data_science,460,Undirected
Hungarian-nlp,futureofdata-budapest,182,Undirected
Hungarian-nlp,neo4j-budapest-users,90,Undirected
KURT_Akademia,Big-Data-Budapest,112,Undirected
KURT_Akademia,Big-Data-Meetup-Budapest,132,Undirected
KURT_Akademia,Budapest-Analytics-Rockstars,99,Undirected
KURT_Akademia,Budapest-BI-Meetup,84,Undirected
KURT_Akademia,Budapest-Cassandra-Users,13,Undirected
KURT_Akademia,Budapest-Data-Projects-Meetup,61,Undirected
KURT_Akademia,Budapest-Data-Visualization-Meetup,74,Undirected
KURT_Akademia,Budapest-Database-Meetup,51,Undirected
KURT_Akademia,Budapest-Deep-Learning-Reading-Seminar,12,Undirected
KURT_Akademia,Budapest-GraphQL,11,Undirected
KURT_Akademia,Budapest-Machine-Learning-Meetup,44,Undirected
KURT_Akademia,Budapest-NOSQL,40,Undirected
KURT_Akademia,Budapest-Spark-Meetup,37,Undirected
KURT_Akademia,Budapest-Users-of-R-Network,84,Undirected
KURT_Akademia,Budapest-dataSTREAM-Meetup-Series,69,Undirected
KURT_Akademia,DataFest,11,Undirected
KURT_Akademia,Excel-tippek-es-trukkok-tips-and-tricks-Budapest-Meetup,11,Undirected
KURT_Akademia,HUG-MSSQL,26,Undirected
KURT_Akademia,Hungarian-nlp,66,Undirected
KURT_Akademia,MongoDB-Budapest,23,Undirected
KURT_Akademia,NLP-Nyilt-est-Karizmatikus-kommunikacio-NLP-bevezető,11,Undirected
KURT_Akademia,Neurons-AI-Hungary-Budapest,6,Undirected
KURT_Akademia,Pro-Bono-Analytics,9,Undirected
KURT_Akademia,PyData-Budapest,25,Undirected
KURT_Akademia,R-Ladies-Budapest,22,Undirected
KURT_Akademia,Snowplow-Analytics-Budapest,14,Undirected
KURT_Akademia,budapest_data_science,157,Undirected
KURT_Akademia,futureofdata-budapest,79,Undirected
KURT_Akademia,neo4j-budapest-users,28,Undirected
MongoDB-Budapest,Big-Data-Budapest,85,Undirected
MongoDB-Budapest,Big-Data-Meetup-Budapest,132,Undirected
MongoDB-Budapest,Budapest-Analytics-Rockstars,57,Undirected
MongoDB-Budapest,Budapest-BI-Meetup,48,Undirected
MongoDB-Budapest,Budapest-Cassandra-Users,36,Undirected
MongoDB-Budapest,Budapest-Data-Projects-Meetup,34,Undirected
MongoDB-Budapest,Budapest-Data-Visualization-Meetup,47,Undirected
MongoDB-Budapest,Budapest-Database-Meetup,80,Undirected
MongoDB-Budapest,Budapest-Deep-Learning-Reading-Seminar,17,Undirected
MongoDB-Budapest,Budapest-GraphQL,10,Undirected
MongoDB-Budapest,Budapest-Machine-Learning-Meetup,40,Undirected
MongoDB-Budapest,Budapest-NOSQL,61,Undirected
MongoDB-Budapest,Budapest-Spark-Meetup,54,Undirected
MongoDB-Budapest,Budapest-Users-of-R-Network,54,Undirected
MongoDB-Budapest,Budapest-dataSTREAM-Meetup-Series,38,Undirected
MongoDB-Budapest,DataFest,13,Undirected
MongoDB-Budapest,Excel-tippek-es-trukkok-tips-and-tricks-Budapest-Meetup,4,Undirected
MongoDB-Budapest,HUG-MSSQL,32,Undirected
MongoDB-Budapest,Hungarian-nlp,51,Undirected
MongoDB-Budapest,KURT_Akademia,23,Undirected
MongoDB-Budapest,NLP-Nyilt-est-Karizmatikus-kommunikacio-NLP-bevezető,2,Undirected
MongoDB-Budapest,Neurons-AI-Hungary-Budapest,8,Undirected
MongoDB-Budapest,Pro-Bono-Analytics,12,Undirected
MongoDB-Budapest,PyData-Budapest,23,Undirected
MongoDB-Budapest,R-Ladies-Budapest,11,Undirected
MongoDB-Budapest,Snowplow-Analytics-Budapest,21,Undirected
MongoDB-Budapest,budapest_data_science,115,Undirected
MongoDB-Budapest,futureofdata-budapest,47,Undirected
MongoDB-Budapest,neo4j-budapest-users,47,Undirected
NLP-Nyilt-est-Karizmatikus-kommunikacio-NLP-bevezető,Big-Data-Budapest,9,Undirected
NLP-Nyilt-est-Karizmatikus-kommunikacio-NLP-bevezető,Big-Data-Meetup-Budapest,16,Undirected
NLP-Nyilt-est-Karizmatikus-kommunikacio-NLP-bevezető,Budapest-Analytics-Rockstars,18,Undirected
NLP-Nyilt-est-Karizmatikus-kommunikacio-NLP-bevezető,Budapest-BI-Meetup,10,Undirected
NLP-Nyilt-est-Karizmatikus-kommunikacio-NLP-bevezető,Budapest-Cassandra-Users,1,Undirected
NLP-Nyilt-est-Karizmatikus-kommunikacio-NLP-bevezető,Budapest-Data-Projects-Meetup,8,Undirected
NLP-Nyilt-est-Karizmatikus-kommunikacio-NLP-bevezető,Budapest-Data-Visualization-Meetup,8,Undirected
NLP-Nyilt-est-Karizmatikus-kommunikacio-NLP-bevezető,Budapest-Database-Meetup,8,Undirected
NLP-Nyilt-est-Karizmatikus-kommunikacio-NLP-bevezető,Budapest-Deep-Learning-Reading-Seminar,1,Undirected
NLP-Nyilt-est-Karizmatikus-kommunikacio-NLP-bevezető,Budapest-GraphQL,2,Undirected
NLP-Nyilt-est-Karizmatikus-kommunikacio-NLP-bevezető,Budapest-Machine-Learning-Meetup,7,Undirected
NLP-Nyilt-est-Karizmatikus-kommunikacio-NLP-bevezető,Budapest-NOSQL,8,Undirected
NLP-Nyilt-est-Karizmatikus-kommunikacio-NLP-bevezető,Budapest-Spark-Meetup,5,Undirected
NLP-Nyilt-est-Karizmatikus-kommunikacio-NLP-bevezető,Budapest-Users-of-R-Network,16,Undirected
NLP-Nyilt-est-Karizmatikus-kommunikacio-NLP-bevezető,Budapest-dataSTREAM-Meetup-Series,14,Undirected
NLP-Nyilt-est-Karizmatikus-kommunikacio-NLP-bevezető,DataFest,3,Undirected
NLP-Nyilt-est-Karizmatikus-kommunikacio-NLP-bevezető,Excel-tippek-es-trukkok-tips-and-tricks-Budapest-Meetup,4,Undirected
NLP-Nyilt-est-Karizmatikus-kommunikacio-NLP-bevezető,HUG-MSSQL,2,Undirected
NLP-Nyilt-est-Karizmatikus-kommunikacio-NLP-bevezető,Hungarian-nlp,16,Undirected
NLP-Nyilt-est-Karizmatikus-kommunikacio-NLP-bevezető,KURT_Akademia,11,Undirected
NLP-Nyilt-est-Karizmatikus-kommunikacio-NLP-bevezető,MongoDB-Budapest,2,Undirected
NLP-Nyilt-est-Karizmatikus-kommunikacio-NLP-bevezető,Neurons-AI-Hungary-Budapest,1,Undirected
NLP-Nyilt-est-Karizmatikus-kommunikacio-NLP-bevezető,Pro-Bono-Analytics,2,Undirected
NLP-Nyilt-est-Karizmatikus-kommunikacio-NLP-bevezető,PyData-Budapest,4,Undirected
NLP-Nyilt-est-Karizmatikus-kommunikacio-NLP-bevezető,R-Ladies-Budapest,12,Undirected
NLP-Nyilt-est-Karizmatikus-kommunikacio-NLP-bevezető,Snowplow-Analytics-Budapest,2,Undirected
NLP-Nyilt-est-Karizmatikus-kommunikacio-NLP-bevezető,budapest_data_science,27,Undirected
NLP-Nyilt-est-Karizmatikus-kommunikacio-NLP-bevezető,futureofdata-budapest,17,Undirected
NLP-Nyilt-est-Karizmatikus-kommunikacio-NLP-bevezető,neo4j-budapest-users,3,Undirected
Neurons-AI-Hungary-Budapest,Big-Data-Budapest,26,Undirected
Neurons-AI-Hungary-Budapest,Big-Data-Meetup-Budapest,34,Undirected
Neurons-AI-Hungary-Budapest,Budapest-Analytics-Rockstars,25,Undirected
Neurons-AI-Hungary-Budapest,Budapest-BI-Meetup,15,Undirected
Neurons-AI-Hungary-Budapest,Budapest-Cassandra-Users,5,Undirected
Neurons-AI-Hungary-Budapest,Budapest-Data-Projects-Meetup,21,Undirected
Neurons-AI-Hungary-Budapest,Budapest-Data-Visualization-Meetup,15,Undirected
Neurons-AI-Hungary-Budapest,Budapest-Database-Meetup,10,Undirected
Neurons-AI-Hungary-Budapest,Budapest-Deep-Learning-Reading-Seminar,28,Undirected
Neurons-AI-Hungary-Budapest,Budapest-GraphQL,4,Undirected
Neurons-AI-Hungary-Budapest,Budapest-Machine-Learning-Meetup,21,Undirected
Neurons-AI-Hungary-Budapest,Budapest-NOSQL,10,Undirected
Neurons-AI-Hungary-Budapest,Budapest-Spark-Meetup,17,Undirected
Neurons-AI-Hungary-Budapest,Budapest-Users-of-R-Network,24,Undirected
Neurons-AI-Hungary-Budapest,Budapest-dataSTREAM-Meetup-Series,21,Undirected
Neurons-AI-Hungary-Budapest,DataFest,9,Undirected
Neurons-AI-Hungary-Budapest,Excel-tippek-es-trukkok-tips-and-tricks-Budapest-Meetup,1,Undirected
Neurons-AI-Hungary-Budapest,HUG-MSSQL,6,Undirected
Neurons-AI-Hungary-Budapest,Hungarian-nlp,23,Undirected
Neurons-AI-Hungary-Budapest,KURT_Akademia,6,Undirected
Neurons-AI-Hungary-Budapest,MongoDB-Budapest,8,Undirected
Neurons-AI-Hungary-Budapest,NLP-Nyilt-est-Karizmatikus-kommunikacio-NLP-bevezető,1,Undirected
Neurons-AI-Hungary-Budapest,Pro-Bono-Analytics,5,Undirected
Neurons-AI-Hungary-Budapest,PyData-Budapest,25,Undirected
Neurons-AI-Hungary-Budapest,R-Ladies-Budapest,10,Undirected
Neurons-AI-Hungary-Budapest,Snowplow-Analytics-Budapest,4,Undirected
Neurons-AI-Hungary-Budapest,budapest_data_science,47,Undirected
Neurons-AI-Hungary-Budapest,futureofdata-budapest,18,Undirected
Neurons-AI-Hungary-Budapest,neo4j-budapest-users,12,Undirected
Pro-Bono-Analytics,Big-Data-Budapest,36,Undirected
Pro-Bono-Analytics,Big-Data-Meetup-Budapest,50,Undirected
Pro-Bono-Analytics,Budapest-Analytics-Rockstars,36,Undirected
Pro-Bono-Analytics,Budapest-BI-Meetup,34,Undirected
Pro-Bono-Analytics,Budapest-Cassandra-Users,10,Undirected
Pro-Bono-Analytics,Budapest-Data-Projects-Meetup,31,Undirected
Pro-Bono-Analytics,Budapest-Data-Visualization-Meetup,30,Undirected
Pro-Bono-Analytics,Budapest-Database-Meetup,21,Undirected
Pro-Bono-Analytics,Budapest-Deep-Learning-Reading-Seminar,8,Undirected
Pro-Bono-Analytics,Budapest-GraphQL,2,Undirected
Pro-Bono-Analytics,Budapest-Machine-Learning-Meetup,27,Undirected
Pro-Bono-Analytics,Budapest-NOSQL,21,Undirected
Pro-Bono-Analytics,Budapest-Spark-Meetup,19,Undirected
Pro-Bono-Analytics,Budapest-Users-of-R-Network,46,Undirected
Pro-Bono-Analytics,Budapest-dataSTREAM-Meetup-Series,19,Undirected
Pro-Bono-Analytics,DataFest,6,Undirected
Pro-Bono-Analytics,Excel-tippek-es-trukkok-tips-and-tricks-Budapest-Meetup,2,Undirected
Pro-Bono-Analytics,HUG-MSSQL,11,Undirected
Pro-Bono-Analytics,Hungarian-nlp,26,Undirected
Pro-Bono-Analytics,KURT_Akademia,9,Undirected
Pro-Bono-Analytics,MongoDB-Budapest,12,Undirected
Pro-Bono-Analytics,NLP-Nyilt-est-Karizmatikus-kommunikacio-NLP-bevezető,2,Undirected
Pro-Bono-Analytics,Neurons-AI-Hungary-Budapest,5,Undirected
Pro-Bono-Analytics,PyData-Budapest,15,Undirected
Pro-Bono-Analytics,R-Ladies-Budapest,14,Undirected
Pro-Bono-Analytics,Snowplow-Analytics-Budapest,15,Undirected
Pro-Bono-Analytics,budapest_data_science,53,Undirected
Pro-Bono-Analytics,futureofdata-budapest,23,Undirected
Pro-Bono-Analytics,neo4j-budapest-users,15,Undirected
PyData-Budapest,Big-Data-Budapest,161,Undirected
PyData-Budapest,Big-Data-Meetup-Budapest,210,Undirected
PyData-Budapest,Budapest-Analytics-Rockstars,148,Undirected
PyData-Budapest,Budapest-BI-Meetup,132,Undirected
PyData-Budapest,Budapest-Cassandra-Users,10,Undirected
PyData-Budapest,Budapest-Data-Projects-Meetup,107,Undirected
PyData-Budapest,Budapest-Data-Visualization-Meetup,89,Undirected
PyData-Budapest,Budapest-Database-Meetup,56,Undirected
PyData-Budapest,Budapest-Deep-Learning-Reading-Seminar,58,Undirected
PyData-Budapest,Budapest-GraphQL,13,Undirected
PyData-Budapest,Budapest-Machine-Learning-Meetup,93,Undirected
PyData-Budapest,Budapest-NOSQL,56,Undirected
PyData-Budapest,Budapest-Spark-Meetup,109,Undirected
PyData-Budapest,Budapest-Users-of-R-Network,190,Undirected
PyData-Budapest,Budapest-dataSTREAM-Meetup-Series,130,Undirected
PyData-Budapest,DataFest,42,Undirected
PyData-Budapest,Excel-tippek-es-trukkok-tips-and-tricks-Budapest-Meetup,4,Undirected
PyData-Budapest,HUG-MSSQL,26,Undirected
PyData-Budapest,Hungarian-nlp,115,Undirected
PyData-Budapest,KURT_Akademia,25,Undirected
PyData-Budapest,MongoDB-Budapest,23,Undirected
PyData-Budapest,NLP-Nyilt-est-Karizmatikus-kommunikacio-NLP-bevezető,4,Undirected
PyData-Budapest,Neurons-AI-Hungary-Budapest,25,Undirected
PyData-Budapest,Pro-Bono-Analytics,15,Undirected
PyData-Budapest,R-Ladies-Budapest,67,Undirected
PyData-Budapest,Snowplow-Analytics-Budapest,21,Undirected
PyData-Budapest,budapest_data_science,278,Undirected
PyData-Budapest,futureofdata-budapest,137,Undirected
PyData-Budapest,neo4j-budapest-users,47,Undirected
R-Ladies-Budapest,Big-Data-Budapest,100,Undirected
R-Ladies-Budapest,Big-Data-Meetup-Budapest,100,Undirected
R-Ladies-Budapest,Budapest-Analytics-Rockstars,103,Undirected
R-Ladies-Budapest,Budapest-BI-Meetup,93,Undirected
R-Ladies-Budapest,Budapest-Cassandra-Users,8,Undirected
R-Ladies-Budapest,Budapest-Data-Projects-Meetup,61,Undirected
R-Ladies-Budapest,Budapest-Data-Visualization-Meetup,72,Undirected
R-Ladies-Budapest,Budapest-Database-Meetup,37,Undirected
R-Ladies-Budapest,Budapest-Deep-Learning-Reading-Seminar,19,Undirected
R-Ladies-Budapest,Budapest-GraphQL,6,Undirected
R-Ladies-Budapest,Budapest-Machine-Learning-Meetup,47,Undirected
R-Ladies-Budapest,Budapest-NOSQL,39,Undirected
R-Ladies-Budapest,Budapest-Spark-Meetup,53,Undirected
R-Ladies-Budapest,Budapest-Users-of-R-Network,167,Undirected
R-Ladies-Budapest,Budapest-dataSTREAM-Meetup-Series,104,Undirected
R-Ladies-Budapest,DataFest,27,Undirected
R-Ladies-Budapest,Excel-tippek-es-trukkok-tips-and-tricks-Budapest-Meetup,10,Undirected
R-Ladies-Budapest,HUG-MSSQL,14,Undirected
R-Ladies-Budapest,Hungarian-nlp,73,Undirected
R-Ladies-Budapest,KURT_Akademia,22,Undirected
R-Ladies-Budapest,MongoDB-Budapest,11,Undirected
R-Ladies-Budapest,NLP-Nyilt-est-Karizmatikus-kommunikacio-NLP-bevezető,12,Undirected
R-Ladies-Budapest,Neurons-AI-Hungary-Budapest,10,Undirected
R-Ladies-Budapest,Pro-Bono-Analytics,14,Undirected
R-Ladies-Budapest,PyData-Budapest,67,Undirected
R-Ladies-Budapest,Snowplow-Analytics-Budapest,20,Undirected
R-Ladies-Budapest,budapest_data_science,169,Undirected
R-Ladies-Budapest,futureofdata-budapest,87,Undirected
R-Ladies-Budapest,neo4j-budapest-users,21,Undirected
Snowplow-Analytics-Budapest,Big-Data-Budapest,59,Undirected
Snowplow-Analytics-Budapest,Big-Data-Meetup-Budapest,59,Undirected
Snowplow-Analytics-Budapest,Budapest-Analytics-Rockstars,50,Undirected
Snowplow-Analytics-Budapest,Budapest-BI-Meetup,45,Undirected
Snowplow-Analytics-Budapest,Budapest-Cassandra-Users,18,Undirected
Snowplow-Analytics-Budapest,Budapest-Data-Projects-Meetup,41,Undirected
Snowplow-Analytics-Budapest,Budapest-Data-Visualization-Meetup,39,Undirected
Snowplow-Analytics-Budapest,Budapest-Database-Meetup,23,Undirected
Snowplow-Analytics-Budapest,Budapest-Deep-Learning-Reading-Seminar,8,Undirected
Snowplow-Analytics-Budapest,Budapest-GraphQL,4,Undirected
Snowplow-Analytics-Budapest,Budapest-Machine-Learning-Meetup,30,Undirected
Snowplow-Analytics-Budapest,Budapest-NOSQL,31,Undirected
Snowplow-Analytics-Budapest,Budapest-Spark-Meetup,38,Undirected
Snowplow-Analytics-Budapest,Budapest-Users-of-R-Network,44,Undirected
Snowplow-Analytics-Budapest,Budapest-dataSTREAM-Meetup-Series,28,Undirected
Snowplow-Analytics-Budapest,DataFest,7,Undirected
Snowplow-Analytics-Budapest,Excel-tippek-es-trukkok-tips-and-tricks-Budapest-Meetup,3,Undirected
Snowplow-Analytics-Budapest,HUG-MSSQL,11,Undirected
Snowplow-Analytics-Budapest,Hungarian-nlp,37,Undirected
Snowplow-Analytics-Budapest,KURT_Akademia,14,Undirected
Snowplow-Analytics-Budapest,MongoDB-Budapest,21,Undirected
Snowplow-Analytics-Budapest,NLP-Nyilt-est-Karizmatikus-kommunikacio-NLP-bevezető,2,Undirected
Snowplow-Analytics-Budapest,Neurons-AI-Hungary-Budapest,4,Undirected
Snowplow-Analytics-Budapest,Pro-Bono-Analytics,15,Undirected
Snowplow-Analytics-Budapest,PyData-Budapest,21,Undirected
Snowplow-Analytics-Budapest,R-Ladies-Budapest,20,Undirected
Snowplow-Analytics-Budapest,budapest_data_science,64,Undirected
Snowplow-Analytics-Budapest,futureofdata-budapest,37,Undirected
Snowplow-Analytics-Budapest,neo4j-budapest-users,22,Undirected
budapest_data_science,Big-Data-Budapest,842,Undirected
budapest_data_science,Big-Data-Meetup-Budapest,1058,Undirected
budapest_data_science,Budapest-Analytics-Rockstars,705,Undirected
budapest_data_science,Budapest-BI-Meetup,647,Undirected
budapest_data_science,Budapest-Cassandra-Users,59,Undirected
budapest_data_science,Budapest-Data-Projects-Meetup,469,Undirected
budapest_data_science,Budapest-Data-Visualization-Meetup,417,Undirected
budapest_data_science,Budapest-Database-Meetup,330,Undirected
budapest_data_science,Budapest-Deep-Learning-Reading-Seminar,103,Undirected
budapest_data_science,Budapest-GraphQL,36,Undirected
budapest_data_science,Budapest-Machine-Learning-Meetup,323,Undirected
budapest_data_science,Budapest-NOSQL,235,Undirected
budapest_data_science,Budapest-Spark-Meetup,378,Undirected
budapest_data_science,Budapest-Users-of-R-Network,725,Undirected
budapest_data_science,Budapest-dataSTREAM-Meetup-Series,462,Undirected
budapest_data_science,DataFest,74,Undirected
budapest_data_science,Excel-tippek-es-trukkok-tips-and-tricks-Budapest-Meetup,25,Undirected
budapest_data_science,HUG-MSSQL,116,Undirected
budapest_data_science,Hungarian-nlp,460,Undirected
budapest_data_science,KURT_Akademia,157,Undirected
budapest_data_science,MongoDB-Budapest,115,Undirected
budapest_data_science,NLP-Nyilt-est-Karizmatikus-kommunikacio-NLP-bevezető,27,Undirected
budapest_data_science,Neurons-AI-Hungary-Budapest,47,Undirected
budapest_data_science,Pro-Bono-Analytics,53,Undirected
budapest_data_science,PyData-Budapest,278,Undirected
budapest_data_science,R-Ladies-Budapest,169,Undirected
budapest_data_science,Snowplow-Analytics-Budapest,64,Undirected
budapest_data_science,futureofdata-budapest,576,Undirected
budapest_data_science,neo4j-budapest-users,202,Undirected
futureofdata-budapest,Big-Data-Budapest,366,Undirected
futureofdata-budapest,Big-Data-Meetup-Budapest,411,Undirected
futureofdata-budapest,Budapest-Analytics-Rockstars,353,Undirected
futureofdata-budapest,Budapest-BI-Meetup,247,Undirected
futureofdata-budapest,Budapest-Cassandra-Users,28,Undirected
futureofdata-budapest,Budapest-Data-Projects-Meetup,243,Undirected
futureofdata-budapest,Budapest-Data-Visualization-Meetup,170,Undirected
futureofdata-budapest,Budapest-Database-Meetup,123,Undirected
futureofdata-budapest,Budapest-Deep-Learning-Reading-Seminar,45,Undirected
futureofdata-budapest,Budapest-GraphQL,23,Undirected
futureofdata-budapest,Budapest-Machine-Learning-Meetup,138,Undirected
futureofdata-budapest,Budapest-NOSQL,165,Undirected
futureofdata-budapest,Budapest-Spark-Meetup,227,Undirected
futureofdata-budapest,Budapest-Users-of-R-Network,302,Undirected
futureofdata-budapest,Budapest-dataSTREAM-Meetup-Series,284,Undirected
futureofdata-budapest,DataFest,59,Undirected
futureofdata-budapest,Excel-tippek-es-trukkok-tips-and-tricks-Budapest-Meetup,9,Undirected
futureofdata-budapest,HUG-MSSQL,48,Undirected
futureofdata-budapest,Hungarian-nlp,182,Undirected
futureofdata-budapest,KURT_Akademia,79,Undirected
futureofdata-budapest,MongoDB-Budapest,47,Undirected
futureofdata-budapest,NLP-Nyilt-est-Karizmatikus-kommunikacio-NLP-bevezető,17,Undirected
futureofdata-budapest,Neurons-AI-Hungary-Budapest,18,Undirected
futureofdata-budapest,Pro-Bono-Analytics,23,Undirected
futureofdata-budapest,PyData-Budapest,137,Undirected
futureofdata-budapest,R-Ladies-Budapest,87,Undirected
futureofdata-budapest,Snowplow-Analytics-Budapest,37,Undirected
futureofdata-budapest,budapest_data_science,576,Undirected
futureofdata-budapest,neo4j-budapest-users,80,Undirected
neo4j-budapest-users,Big-Data-Budapest,132,Undirected
neo4j-budapest-users,Big-Data-Meetup-Budapest,174,Undirected
neo4j-budapest-users,Budapest-Analytics-Rockstars,108,Undirected
neo4j-budapest-users,Budapest-BI-Meetup,81,Undirected
neo4j-budapest-users,Budapest-Cassandra-Users,23,Undirected
neo4j-budapest-users,Budapest-Data-Projects-Meetup,70,Undirected
neo4j-budapest-users,Budapest-Data-Visualization-Meetup,73,Undirected
neo4j-budapest-users,Budapest-Database-Meetup,65,Undirected
neo4j-budapest-users,Budapest-Deep-Learning-Reading-Seminar,25,Undirected
neo4j-budapest-users,Budapest-GraphQL,11,Undirected
neo4j-budapest-users,Budapest-Machine-Learning-Meetup,62,Undirected
neo4j-budapest-users,Budapest-NOSQL,72,Undirected
neo4j-budapest-users,Budapest-Spark-Meetup,86,Undirected
neo4j-budapest-users,Budapest-Users-of-R-Network,105,Undirected
neo4j-budapest-users,Budapest-dataSTREAM-Meetup-Series,70,Undirected
neo4j-budapest-users,DataFest,15,Undirected
neo4j-budapest-users,Excel-tippek-es-trukkok-tips-and-tricks-Budapest-Meetup,3,Undirected
neo4j-budapest-users,HUG-MSSQL,31,Undirected
neo4j-budapest-users,Hungarian-nlp,90,Undirected
neo4j-budapest-users,KURT_Akademia,28,Undirected
neo4j-budapest-users,MongoDB-Budapest,47,Undirected
neo4j-budapest-users,NLP-Nyilt-est-Karizmatikus-kommunikacio-NLP-bevezető,3,Undirected
neo4j-budapest-users,Neurons-AI-Hungary-Budapest,12,Undirected
neo4j-budapest-users,Pro-Bono-Analytics,15,Undirected
neo4j-budapest-users,PyData-Budapest,47,Undirected
neo4j-budapest-users,R-Ladies-Budapest,21,Undirected
neo4j-budapest-users,Snowplow-Analytics-Budapest,22,Undirected
neo4j-budapest-users,budapest_data_science,202,Undirected
neo4j-budapest-users,futureofdata-budapest,80,Undirected
